Categoria,Margen
Alimentos,0.24752316506047847
Higiene,0.2724142272584199
Limpieza,0.3089289019327886
